{
    "categories": [
        { "id": "cds", "name": "CDs"},
        { "id": "merch", "name": "Merchandise"}
    ],

    "products": [
        {
            "id": "1",
            "name": "CD Entre(Tanto)",
            "description": "Primeiro álbum de Sam The Kid, lançado em 1999",
            "price": "12.99",
            "category": "CD's",
            "image": "../Imagens/Entre(tanto).jpg"
        },

        {
            "id": "2",
            "name": "CD Sobre(Tudo)",
            "description": "Segundo álbum de Sam The Kid, lançado em 2002",
            "price": "12.99",
            "category": "CD's",
            "image": "../Imagens/Sobre(tudo).jpg"
        },

        {
            "id": "3",
            "name": "CD Pratica(Mente)",
            "description": "Terceiro álbum de Sam The Kid, lançado em 2006",
            "price": "12.99",
            "category": "CD's",
            "image": "../Imagens/Pratica(mente).jpg"
        },

        {
            "id": "4",
            "name": "Classe Crua",
            "description": "Projeto colaborativo com Beware Jack, lançado em 2019",
            "price": "12.99",
            "category": "CD's",
            "image": "../Imagens/classe-crua.jpg"
        },

        {
            "id": "5",
            "name": "Vludo",
            "description": "Projeto colaborativo com Blasph, lançado em 2023",
            "price": "12.99",
            "category": "CD's",
            "image": "../Imagens/vludo.jpg"
        },

        {
            "id": "6",
            "name": "Hoodie TvChelas",
            "description": "Hoodie oficial TvChelas",
            "price": "29.99",
            "category": "Merchandising",
            "image": "../Imagens/Hoodie.jpg"
        },

        {
            "id": "7",
            "name": "T-Shirt TvChelas",
            "description": "T-Shirt oficial TvChelas",
            "price": "19.99",
            "category": "Merchandising",
            "image": "../Imagens/T-shirt.jpg"
        },

        {
            "id": "8",
            "name": "Panamá TvChelas",
            "description": "Panamá Oficial TvChelas",
            "price": "14.99",
            "category": "Merchandising",
            "image": "../Imagens/Panama.jpeg"
        },

        {
            "id": "9",
            "name": "Boné Oficial TvChelas",
            "description": "Boné oficial TvChelas",
            "price": "19.99",
            "category": "Merchandising",
            "image": "../Imagens/Bone.jpeg"
        },

        {
            "id": "10",
            "name": "Gorro Oficial TvChelas",
            "description": "Gorro oficial TvChelas",
            "price": "19.99",
            "category": "Merchandising",
            "image": "../Imagens/Gorro.jpg"
        }
    ]
}